[
  {
    "id": 1,
    "section": "دين",
    "difficulty": 200,
    "question": {
      "ar": "ما هو الدين الأكثر انتشارًا في أرمينيا؟",
      "en": "What is the most widespread religion in Armenia?"
    },
    "answer": {
      "ar": "المسيحية الأرمنية",
      "en": "Armenian Christianity"
    },
    "media": null
  },
  {
    "id": 2,
    "section": "جغرافيا",
    "difficulty": 400,
    "question": {
      "ar": "ما هي عاصمة أرمينيا؟",
      "en": "What is the capital of Armenia?"
    },
    "answer": {
      "ar": "يريفان",
      "en": "Yerevan"
    },
    "media": null
  },
  {
    "id": 3,
    "section": "حدود",
    "difficulty": 600,
    "question": {
      "ar": "أرمينيا تشترك في حدودها مع أي دولة من التالي: تركيا، جورجيا، إيران؟",
      "en": "Armenia shares its borders with which of the following: Turkey, Georgia, Iran?"
    },
    "answer": {
      "ar": "جميعها",
      "en": "All of them"
    },
    "media": null
  },
  {
    "id": 4,
    "section": "أعلام",
    "difficulty": 200,
    "question": {
      "ar": "كم عدد ألوان العلم الأرمني؟",
      "en": "How many colors are in the Armenian flag?"
    },
    "answer": {
      "ar": "ثلاثة",
      "en": "Three"
    },
    "media": "assets/armenia_flag.jpg"
  }
]
